{"epoch": 96, "lr": "0.00020000001", "val_loss": 12.780355453491211}